7.55810546875,-210.6348876953125,2.055040386756329,1.555770465842476,1.7560712737702129,0.7207287353234239,1.1500956327510914,0.9004982654785512,0.8598491114410214,,,device_phone
61.592041015625,-229.009521484375,15.053470221181687,1.1230800166613613,1.62698903368848,2.880239910209436,0.32179189284724863,1.5825478100437431,1.0943004585780203,,,looking_teacher
-94.880126953125,-56.682373046875,59.145466916415174,1.1315360722616554,1.0496486920939387,0.363669655398248,0.8216598084566997,0.9344180115762581,0.8174797927566865,,,device_phone
-163.3795166015625,-34.1025390625,78.20981862100199,0.33176444316295634,0.4862385873127049,1.698356355638052,1.7800864189251682,0.20642638247133901,0.2575801439306102,,,sleeping
-15.10302734375,-109.161376953125,7.877164697169171,0.43705382530086795,0.5497411121601373,1.3874134035886334,1.2577624178758018,0.06203050645596009,0.10247723218735307,,,looking_teacher
-133.410888671875,-130.234130859375,45.69034697551159,1.3425674913013392,0.44087307234897377,1.3837607005386872,1.7398621955468747,0.972548057340001,0.06750324308319469,,,looking_teacher
-82.348876953125,-175.94384765625,25.081503769715468,0.5414256885128467,0.28389564254218036,1.7341948224020094,1.911608300281065,0.317087261926114,0.4037969386063739,,,looking_teacher
-96.126708984375,-121.467041015625,38.35742048428059,1.9877935291027578,0.7800589708472851,0.3770841290250618,1.3026586104560864,1.3627316754194168,0.2399964685681681,,,talking_seatmate
-8.1978759765625,-197.6573486328125,2.3750336781542387,1.6360879287955763,1.1180409184633586,0.2549454297794585,2.7053572393585217,1.099442956790586,1.397989879788381,,,looking_teacher
96.602783203125,-147.563720703125,33.21081732043556,1.6325401394209047,1.4896704087042913,0.7320664833210399,0.6243701778949085,1.103591866832447,0.9654708210479278,,,talking_seatmate
-93.779541015625,-182.225830078125,27.231873287386417,1.0103047910569973,0.29434461248645083,0.5304837426389849,1.074316426952028,0.7028662433544345,0.0068792017851812895,,,looking_teacher
-35.7755126953125,-223.859130859375,9.07981127643822,1.5335101657524244,1.4369753811693826,0.170407029742379,1.086067849140803,1.0390775024979522,0.6801897324963738,,,device_phone
-3.031982421875,-112.0487060546875,1.5500390719884185,1.630130157602446,0.5349075971815008,0.14087570569783722,1.3106679200387288,1.198188709363939,0.08107379417886236,,,looking_teacher
-195.985595703125,-104.8465576171875,61.854522567479464,1.179664284215867,1.5384771590784097,1.9389294814208808,1.6502951342743513,0.6781275611443349,0.6546247720225954,,,looking_away
-6.892333984375,-169.2012939453125,2.3326269689560744,1.1526110334033604,0.9411663830331707,0.6072353780052332,0.6797852609976384,0.6992547423020357,0.5214726805985744,,,sleeping
66.5867919921875,-204.380126953125,18.04554343539573,1.2087679026407043,1.7138030515337037,0.9006742888836772,0.6353026894182504,0.7035754465456491,0.6774100152704008,,,looking_teacher
-42.720458984375,-78.2552490234375,28.630642088989124,1.2595509521675867,0.9104352805559439,0.7347395298998224,0.8649577557038161,0.7647831001951105,0.5815241942931821,,,writing
-56.056396484375,-290.571533203125,10.919214238743916,2.8881150606532575,1.1210944556694553,0.3981742403786934,3.20321304801476,2.1494745483348936,1.355221808796449,,,neutral
-15.56689453125,-144.2542724609375,6.1591407953520925,0.8315023818867767,0.7712834292037576,0.7229050047946046,0.7441498487141117,0.3139766764725602,0.2724434950782636,,,neutral
-86.36669921875,-194.4561767578125,23.94815209567529,1.7700468959985365,1.72570700203345,0.5764616630489083,0.4868221540496612,1.0647564081816454,1.0228279377722114,,,talking_seatmate
-3.23486328125,-141.638427734375,1.3084505685612664,1.3184973498145849,1.3946688737162847,0.4786077494822864,0.5565606560180918,0.8210957590246216,0.8687717540052385,,,device_laptop
26.001220703125,-195.009765625,7.594611182259673,1.2389451041015096,1.63435207041276,0.7570642403416757,0.6536869791881144,0.7586793339258775,0.6949574934240526,,,looking_teacher
-58.123046875,-39.0321044921875,56.11695462347066,1.0836079142195574,0.8986627202526867,0.6102355196374967,0.6854030200591448,0.7693558583702214,0.6981567836219024,,,writing
-42.010498046875,-304.48974609375,7.855505661592716,2.681866260238506,1.0942259312671951,0.33166515535574054,3.058644732167517,1.9511801356601173,1.369222590702465,,,neutral
-17.361572265625,-138.2132568359375,7.159682262304918,1.4458210141439798,1.3674484211888709,0.44335956933057763,0.5974974518995482,0.9105907952904633,0.8520022811565949,,,device_laptop
-97.714111328125,-179.749755859375,28.529030023366403,1.6105140621760978,1.3989478775724924,0.4651205275339834,0.6387637511039468,1.0137585938883087,0.8019916687640184,,,neutral
-101.516845703125,-174.9014892578125,30.131870882292528,1.7628715219552724,1.738171797975549,0.6468057775016844,0.6886008997005455,1.1101962057920518,1.0831911379790893,,,talking_seatmate
-45.78955078125,-133.9991455078125,18.86608213857758,1.081524757018451,1.2002952894996726,0.3415374588934738,0.9411702849276625,0.7585448788500481,0.7669054225701014,,,reading
-29.196533203125,-285.0509033203125,5.848158875659487,2.7883570743409924,1.1579808551535768,0.5098916183386848,2.2409140137549235,2.0904613905899785,0.3656693409948119,,,neutral
128.76416015625,-182.1396484375,35.25851372578237,0.5485420719638492,1.803263796444055,1.6201064413263548,0.6588459026152815,0.016991239084291183,0.7451784252558171,,,talking_seatmate
-50.119873046875,-135.06103515625,20.35941469295203,1.402636988141413,1.3357800120361532,0.4823215254795536,0.5586957212134503,0.85673522240618,0.8656614701084552,,,device_laptop
-156.114501953125,-147.3201904296875,46.66011161043715,5.320448844037029,3.587679529518779,7.895468041664333,8.261347950707915,2.117782225898792,0.8071821694701626,,,neutral
-158.0390625,-155.744873046875,45.41890563641248,4.320742985380068,3.004632578413204,5.789491596708734,5.981697588817523,1.5859231385505892,0.6225334427047474,,,looking_away
-28.164794921875,-142.4012451171875,11.187829663536506,1.04023170646004,1.1139761207389771,0.49438444004219945,1.0018151863946752,0.6822749236223489,0.6174202549656568,,,writing
-12.70068359375,-305.2506103515625,2.3825187977601745,2.73847438304443,1.1630262873542794,0.47480351204109983,2.176642658684971,2.008743078614314,0.36390811642512116,,,neutral
50.2772216796875,-164.2347412109375,17.020939596227194,0.511084124501332,1.6647525068537536,1.6498802992593102,0.6646002753670534,0.11387511883516455,0.7315929639376249,,,sleeping
-73.873046875,-164.416748046875,24.194560842126965,1.4677815234007379,1.4869280525029005,0.493327640207741,0.7025725126601503,0.924567314155965,0.8971909155641423,,,device_laptop
-23.318603515625,-117.0640869140625,11.265578261258188,1.4128311799419804,1.3620269091077057,0.4299219979294507,0.5928240203801496,0.9605075356145525,0.9120964462264691,,,device_laptop
61.778564453125,-143.8875732421875,23.236416941245082,0.39652525094634783,1.6756778588213677,1.637035605123073,0.7044774168326899,0.14174129233592372,0.7167523451359356,,,sleeping
-56.3173828125,-36.4215087890625,57.10849315150934,1.3956804603856439,0.922739272603006,0.7750648023169986,0.7970540762200246,0.9748252356151317,0.6640723827580655,,,writing
-27.6015625,-315.185546875,5.0047806496566904,2.529752835683249,1.185881227430724,0.4643469953401412,1.459932468983136,1.8448146110275043,0.1784801115424507,,,neutral
22.158935546875,-146.779296875,8.584995786313549,1.0069536104878594,0.5609623856120854,1.5555619251236388,1.4472838229938798,0.0654339986138358,0.01081865917981369,,,device_phone
-27.572998046875,-104.4029541015625,14.794117810127757,1.1831647442520088,1.2321582121767387,0.35238346639306817,0.5546377220373937,0.8176217435411999,0.8436986401909732,,,neutral
-22.335205078125,-101.431640625,12.41832265697488,1.1893016286759441,1.2319601401340912,0.3689748805556851,0.557699770791673,0.8260522489153957,0.844872881932847,,,device_laptop
58.5186767578125,-144.718505859375,22.01653332741085,0.42049504538326227,1.6542851638619727,1.553008215508432,0.7277081748821245,0.08662549745956437,0.6996293799003395,,,sleeping
-18.252197265625,-173.5235595703125,6.004604641746939,1.3279447117714602,1.2197299172974263,0.7422353977789944,0.8374502328605247,0.7987865908741693,0.7057440017728539,,,writing
-14.858642578125,-298.7843017578125,2.84698390330867,2.516229529697308,1.1971760737802666,0.44952801249408275,1.46917185526558,1.8537123921501444,0.17042891135172358,,,neutral
22.15576171875,-150.8121337890625,8.35751836872106,0.9736839421649902,0.6059639223608771,1.6477886161348008,1.5102645586932182,0.01601755699188677,0.0019188628746195085,,,device_phone
-30.181640625,-113.2508544921875,14.922633512430057,1.227978983720978,1.3457295950807433,0.43179457235194557,0.6405130077016238,0.795498500224279,0.9008913672482668,,,device_laptop
61.494873046875,-142.2073974609375,23.385138908535506,0.39133641611009967,1.6853047742421832,1.6238450138098803,0.6910306143950257,0.1263808537371238,0.7220462533151156,,,sleeping
-27.712158203125,-128.7257080078125,12.149240262211462,1.3305545691105571,1.178864782737128,0.6500253366411058,0.8133816725607989,0.8879387459944561,0.7591891397748302,,,writing
-17.808349609375,-305.3702392578125,3.3375618469864237,2.5205084394439052,1.167924729325559,0.4273266420344569,1.4856500799869667,1.851143717889214,0.15231087580574884,,,neutral
27.983154296875,-152.945556640625,10.368247771517284,0.9185810612838312,0.6350595865149856,1.6698441084691966,1.5020546040588538,0.024449476338685657,0.006910134607180918,,,device_phone
-27.26220703125,-110.1334228515625,13.903398534696937,1.3352564021268027,1.4404654521358389,0.3480717278767165,0.5028472006448892,0.9195386537223805,1.030129707073173,,,device_laptop
12.64794921875,-141.12255859375,5.121376458055892,1.3095536583096263,1.213515834303139,0.6587360746822714,0.8953345777608462,0.7973177050558085,0.767924255762767,,,reading
-79.258056640625,-213.363037109375,20.37854151481154,1.660579461306874,1.567420529509512,0.8406288020381971,1.2730076458883284,0.8493920889171619,0.8094327723263807,,,talking_seatmate
-75.873291015625,-191.138916015625,21.650792725214764,1.4645926361993111,1.441194896265763,0.7756062804329158,1.1383025924501582,0.9781153379141249,0.910702339502457,,,looking_teacher
139.6856689453125,-277.1201171875,26.75093422185596,1.4604321581842845,1.890381714500791,0.6799971157504572,0.0802135696197057,0.796415231409156,1.11982990233294,,,looking_away
-29.917236328125,-74.1944580078125,21.960638634229326,1.3303471325704566,1.3277458242653974,0.4591659124357923,0.6081125149917836,0.9580751327453345,1.0211152415731777,,,device_laptop
-174.089599609375,-187.794921875,42.83113008508187,1.344724729704728,1.0484779789963528,0.5245370123125842,0.9379271773639273,0.7321432941549351,0.6303212979611432,,,looking_away
152.9715576171875,-252.0765380859375,31.251289198912556,1.3613137426197517,1.9107764251143642,0.8441807877239702,0.07244344541989307,0.7386500015452071,1.1730766128758716,,,looking_away
16.16357421875,-224.0982666015625,4.125413858851382,1.385603080194865,1.6372567151275723,1.5854493257969968,1.2051197661036301,0.35140522035394517,0.7654495811423787,,,talking_seatmate
56.2767333984375,-179.460693359375,17.410796830247637,1.4260682560145135,1.40167107456272,0.8441469235543575,1.2570358682516456,0.9370427791238499,0.7518344592525107,,,looking_away
-30.06787109375,-82.7611083984375,19.966543936460276,1.1995747690489826,1.2447542082481602,0.5548417455394241,0.5775229612050452,0.7998921353240829,0.9183614284554737,,,device_laptop
30.876708984375,-57.5474853515625,28.215485651347596,0.9193411405255152,1.122884395680291,0.8317717962954766,0.9128319090166891,0.4746938204918417,0.714567996238244,,,reading
-14.4111328125,-243.728515625,3.383821484610519,1.5397270632047972,1.439954163052098,0.5803193218117588,1.1349399415072683,0.9596874586202937,0.8273153512426271,,,neutral
-13.86279296875,-79.6527099609375,9.87288331493658,1.202715727756088,1.4197468065907486,0.48542890257115534,0.5145749415384421,0.8880218788628355,1.0618941216893596,,,device_laptop
38.9041748046875,-250.7607421875,8.818819504377595,1.5172285587866572,1.9068696220652908,1.2464566060440057,0.5036358306381474,0.8501804399152055,1.2942692329752628,,,looking_teacher
124.36083984375,-188.7796630859375,33.375365940339904,2.6824153712267584,2.7872201238664767,0.37592156806636606,1.0281712436828445,1.8671112559813228,2.006309436046232,,,neutral
-120.742431640625,-176.306396484375,34.405071277362815,1.9588219145488301,1.4767535829595597,0.453002426610077,0.6429179926416547,1.2903883844866857,0.932992500989712,,,neutral
-120.764892578125,-166.26513671875,35.992376453680635,1.9219301785212564,1.4508408288640091,0.4153861833050357,0.7031238201173562,1.2827135331897215,0.943951170272373,,,looking_away
-26.289794921875,-76.956787109375,18.86107576790824,1.1278878338742673,0.9744684634983777,0.5094295341847368,0.7049556093951289,0.8192581610863144,0.7013698489754421,,,writing
2.961181640625,-214.157958984375,0.7922997362816435,1.49728551499487,1.4110669552246313,0.5297902472946278,1.1230210736040387,0.9903624691542217,0.8384626404749169,,,looking_away
106.113525390625,-203.549072265625,27.53378461720023,0.5648079626557153,2.0085746634741057,1.704279795241653,0.44651273216482823,0.03156841594108107,1.406785664129116,,,looking_away
-13.6162109375,-68.0323486328125,11.317833803319239,0.40424663126702415,1.2710547907976804,1.1602467159040692,0.5774951720626751,0.13675874534996824,0.9576696802289053,,,device_laptop
41.0953369140625,-195.89599609375,11.847789135093311,1.2569636185924011,1.160870254232272,1.3328239180089685,1.0249423112596403,0.4980018744730128,0.582539652365709,,,neutral
-55.2568359375,-199.8736572265625,15.453927707379078,2.0260759686294,0.8459487988504253,0.4566108252263081,1.573394703057025,1.3430631119997458,0.03801301554372208,,,neutral
-63.285888671875,-186.96923828125,18.70008329226007,2.103255696642826,0.868284796138272,0.4391957081244469,1.7388287330121786,1.4427337432563183,0.08034301637685214,,,talking_seatmate
-83.866943359375,-133.824951171875,32.075012631358696,1.8142682070725709,0.9658807801694766,0.8817259022651245,0.864402450494922,1.1626467301846668,0.6117908505930998,,,reading
9.8524169921875,-149.2855224609375,3.77591448995403,0.9039627832757164,1.090030719279736,0.8464304633852273,0.2768516821558541,0.5466220667482308,0.6833196228845488,,,device_phone
120.3336181640625,-114.861572265625,46.33280156653654,1.5960382267943982,1.603309626404045,1.7891429236012186,1.419904817010969,0.8968784769563559,1.0351080082808222,,,device_phone
192.844482421875,-30.276123046875,81.07753199585602,1.450231420061013,0.9954396098119627,0.8928053582844102,1.2051492927064917,1.2926290560280997,0.8684929001491912,,,reading
-10.90869140625,-40.941162109375,14.9197228215338,1.0619715078741658,1.1037281005865256,0.4843887351828107,0.41424358408016093,0.8773352222382541,0.8911371991808613,,,device_laptop
-183.2802734375,-134.7913818359375,53.66780195178971,2.1695830638502502,2.0811074962583014,3.2750612277990983,3.7993818042537013,1.0748153380762355,0.8065779345076893,,,device_phone
1.069580078125,-83.3333740234375,0.735494668676266,0.903377183150972,0.9669463394172968,1.2735583221998859,1.1109050108141383,0.3209703849151533,0.4615337041443637,,,neutral
-49.460693359375,-88.8441162109375,29.105263705880144,1.052269215775009,0.9414751795093096,0.5624061434186923,0.8719252364416042,0.6690099894694986,0.6181705563268437,,,reading
-11.0545654296875,-150.9757080078125,4.187789484326745,0.8915093359310174,1.0473782781120915,0.8094251852968298,0.28528043191350183,0.534380596700595,0.6619526083396046,,,device_phone
124.4300537109375,-122.7020263671875,45.40062242911196,1.6046099223903032,1.646075195700628,1.8165765259829385,1.456426461476994,0.8638921077832517,1.0307143291207144,,,device_phone
240.781494140625,-117.7393798828125,63.94190036473512,1.6317104092567627,1.4213766981671767,1.005911051537208,1.1095239083231923,1.2470125994789272,1.0353194009152822,,,reading
-11.796142578125,-36.770263671875,17.786575051134236,0.9235198935816041,0.9657185982244665,0.5856916944388406,0.4325993912944311,0.7309152065620478,0.8017577640605469,,,neutral
-200.2550048828125,-109.8509521484375,61.25279367959521,3.0818150136030824,2.8631586688549264,4.714605898741097,4.961934820418474,1.8425232482175447,1.5821271960735526,,,device_phone
-105.698486328125,-88.610595703125,50.0257667991226,1.1607351006108082,0.9908160950382848,0.4794984475305241,0.7752270361845105,0.7504209418443489,0.7586568108870169,,,reading
-12.3619384765625,-157.5589599609375,4.486176048972066,0.8791131539324226,1.0658855508757095,0.7950870160860116,0.287297801551275,0.51317413681267,0.6766147454050845,,,device_phone
132.6942138671875,-169.6199951171875,38.03617285099274,2.1430095989305338,2.2790610807176557,1.7611884875558892,1.050798002983372,1.1205686048129904,1.4043152651809918,,,talking_seatmate
-4.662841796875,-37.5301513671875,7.082268347540369,0.9207990135925301,0.9598333230337327,0.6023124074875155,0.4236806947227789,0.7165565197943611,0.7853051183129842,,,neutral
190.496826171875,-88.1085205078125,65.17853069208266,1.5684582154756626,1.3360221573823856,0.9450903741456809,1.0458445229741455,1.2870402709246633,1.0460809256143817,,,reading
-189.805419921875,-125.3409423828125,56.56060642699533,2.6075564278978334,2.3845107676224653,4.289670507321827,4.398859043985631,1.3756393925202755,1.1424543803077005,,,talking_seatmate
-8.947998046875,-92.597412109375,5.519512731976824,1.0168116920859929,0.63534920234192,1.585633729828654,1.3732290288702362,0.16706634041989404,0.16627522194148425,,,neutral
-75.876953125,-76.1571044921875,44.89442083743543,0.93136952144717,1.069292757579394,0.38795717003750846,0.7323930123523847,0.7149661652648224,0.8477508385968283,,,reading
4.7242431640625,-177.8485107421875,1.5215368388177413,1.0065169081564138,1.1923676226409912,0.8532824317991994,0.330122667405567,0.5632528449688124,0.7285233316234376,,,device_phone
173.249755859375,-107.5697021484375,58.16411038382422,1.5961285592254884,1.3460909429259609,0.8783147830110744,1.0122486964619353,1.2601946095546586,1.0102788548329031,,,reading
135.0494384765625,-152.5167236328125,41.52402098620514,2.3622796068395546,2.1721914047680926,2.2193633183677006,1.5587194334310985,1.1857164620680738,1.266581916889743,,,talking_seatmate
-2.1357421875,-45.19287109375,2.7056986187167507,0.9440448693264659,0.9168909304297057,0.6027932448726734,0.5229174621265773,0.7423322680917456,0.7375768148660524,,,neutral
-187.9268798828125,-127.3572998046875,55.87466182796849,2.7071089607414085,2.4802009891346053,4.312828505759798,4.5827216940181215,1.4394767551917238,1.16413904746294,,,talking_seatmate
4.6373291015625,-70.69580078125,3.7529828754768477,1.1554672289463659,0.6651455826821415,1.5829772005114071,1.3508364232683567,0.2566143275721742,0.2405293494496745,,,neutral
-97.39990234375,-110.3770751953125,41.426104784268325,1.368303676880102,0.9435970449733558,0.7448578505626816,0.9692796201546859,0.8246507213116886,0.5320785955605254,,,reading
-35.9852294921875,-120.059814453125,16.684921914253348,1.0263238451108447,1.661372777024499,0.7941679856621284,1.7824371981809317,0.6647685312953717,0.0008462114923320094,,,neutral
137.9368896484375,-78.9866943359375,60.20328748155017,1.6773058233360167,1.7903510790638357,2.336282999977288,1.763920244626172,1.0352200828819884,1.3381376568446022,,,device_phone
-22.5830078125,-43.391845703125,27.4944338303919,1.204698150319756,1.1651818742676472,0.32316582242536523,0.7110246513339524,0.9934453923129802,0.883888677166539,,,neutral
144.34033203125,-228.3558349609375,32.296365900759284,1.839273557691036,1.027162695149328,0.7076585223836168,1.2787554230082596,1.256849822914399,0.17354777903488852,,,looking_away
-218.9166259765625,-98.1253662109375,65.85656597641645,2.4795941936286265,1.0615159741205795,0.5284796808094807,2.3211837943961764,1.4926982519461598,0.5405057604300715,,,talking_seatmate
-66.678955078125,-236.8643798828125,15.722274986664674,1.2443440807170176,1.502020664070496,0.6770637974590998,0.9265928111565505,0.5787489401479867,0.7915705642077371,,,looking_teacher
-107.55810546875,-106.095458984375,45.39223296640604,1.0090084749803956,0.967336840952603,0.49711600532324496,1.0584355947410438,0.6736540879836664,0.5298242569710843,,,reading
-21.01611328125,-24.2545166015625,40.90835562199988,1.183290853502463,1.2296912712627992,0.4920869424854624,0.8831362312608009,0.9802121419785133,0.9362698551052203,,,neutral
139.805419921875,-67.4383544921875,64.24859445051244,1.6593923185123352,1.8087825218747875,2.7031980554165966,2.276345447170849,1.0942961237916866,1.3966688990954574,,,device_phone
202.75,-176.5159912109375,48.95687440651864,1.8362834111005708,0.665226976527317,0.6922023107986893,1.4591571034387743,1.3602668565298044,0.18620174058823852,,,talking_seatmate
-199.919921875,-140.6942138671875,54.86392356094968,2.4661118077999697,1.4450828304523644,0.5449187592821046,2.255887738313847,1.314026631262034,0.7109467756144551,,,talking_seatmate
0.22845458984375,-72.18862915039062,0.18059108191569417,1.309271866415856,1.529231592393972,1.0435518120261096,0.8753207287738222,0.5801535351810807,0.7839377993493962,,,looking_teacher
-39.186248779296875,-168.7924346923828,13.070062564513956,1.8195947878641792,1.240486723984808,0.6884843046937222,1.1261758177132764,1.1441167421480147,0.5148640783016634,,,looking_teacher
-0.289886474609375,-110.73661804199219,0.15039085140837116,1.4813450455812947,1.5871705269708352,0.9285955406257768,0.822823484724221,0.6848545135712365,0.8043117909365007,,,looking_teacher
-36.688812255859375,-144.3016815185547,14.265219453365024,1.9121976944374706,1.9250993714970162,0.8990142893344072,0.8289244606411984,1.1941254420525766,1.231054706156917,,,looking_teacher
-5.01519775390625,-93.43412780761719,3.072527068228153,1.2313555199174782,1.3671743810941386,0.9111354764852777,0.8237641533432537,0.6068025536767606,0.7303013756859378,,,looking_teacher
4.62506103515625,-37.17205810546875,7.092486698433866,0.401594074421647,0.3906329028962158,1.47232924587026,1.5053643959898326,0.21615300318811806,0.2896836951842322,,,looking_away
4.355377197265625,-112.45732116699219,2.217961310029076,0.4953363778324739,0.4071394104681984,1.3083256521046567,1.2783008122441117,0.40396757954987,0.4523950437580103,,,looking_away
9.5814208984375,-118.93463134765625,4.605809494082125,0.7257124874197277,0.7079348412003527,1.4029077176659739,1.3811137942101146,0.32911120181716774,0.38659433724165654,,,looking_away
0.144195556640625,-63.54601287841797,0.13018389967047356,0.3869168185920981,0.41220893991796026,2.238837949185412,2.242463604922384,0.40934162667453106,0.4334696752370484,,,looking_away
-37.794891357421875,-62.45729064941406,31.17947064100558,0.5522459083428568,0.3620640307179944,1.9281861759291714,1.8173629474791209,0.5904739306610752,0.4153472305061939,,,looking_away
-48.8680419921875,-150.74655151367188,17.96133031635205,0.4966290860609811,0.7268300986256923,0.4752503151743297,0.251265486535428,0.11222472788840585,0.3430945125228146,,,looking_teacher
-6.166534423828125,-75.54263305664062,4.666748626837436,0.9134156751860243,0.40931852752277864,0.3423448481265205,0.5950106188037072,0.5474451831787336,0.10933976979114061,,,looking_teacher
-8.26556396484375,-88.22793579101562,5.352081750051213,2.886559085650957,2.3892008739235915,0.8417025731377475,0.6507454679488028,2.0651562213970074,1.5331796385270384,,,looking_teacher
174.19509887695312,-144.08023071289062,50.40517335944898,0.5759919231389112,1.5663808720380423,1.3579593612768468,0.29388672283903605,0.128129197904061,0.8902996750340243,,,looking_teacher
-0.269561767578125,-137.2732391357422,0.11138554724553726,0.8948141228898233,0.52598359563524,0.21922958369576379,0.5636587616192154,0.38336158249853547,0.019903021810542664,,,looking_teacher
-97.10226440429688,-130.33551025390625,36.686761994695495,1.5841412182176884,0.6196470816082741,0.6528335032021079,0.9497258013382706,1.173259982158797,0.21366202316509697,,,looking_teacher
1.3817901611328125,-53.827728271484375,1.4705669659374914,1.8981449352780173,1.675177291830596,0.9850180515925885,2.5427524581161145,1.1610236805622707,0.5850661433529656,,,looking_teacher
21.39044189453125,-180.65615844726562,6.752610634696887,2.400402394824339,0.849641160394435,0.7496351414024301,2.330491709320904,1.5883541032128283,0.43892213858084866,,,looking_teacher
4.176513671875,-127.93153381347656,1.8698042897101184,2.1767284014828334,1.1200480960916377,0.6389284059218145,2.7104479439896867,1.5465887099599236,0.9270350521727341,,,looking_teacher
4.4847412109375,-62.70208740234375,4.091078854767814,2.2061923296493533,0.9822777711910574,0.7464577505863831,2.463269486398413,1.4140526288530535,0.6620772333074819,,,looking_teacher
-43.319244384765625,-91.68798828125,25.289035739709494,1.5302640752034335,2.5968821746225013,2.957568635362253,0.9020831957174533,1.279941719302881,1.924218133518051,,,looking_teacher
-6.986053466796875,-179.51235961914062,2.228591768094607,1.531533630660638,1.5093449390205307,0.5145819968145947,0.60106891561071,0.9511303740883873,0.9176138200742121,,,device_laptop
48.953155517578125,-118.11532592773438,22.511667557181315,1.6844621525008001,1.6660454499065884,0.5777861203735909,0.14342493815949608,1.0171105367332247,1.1284966179509983,,,device_laptop
-6.680206298828125,-118.66339111328125,3.2220695794141183,1.3018700308997198,1.2962621223187636,0.6779508917680585,0.6678348614139982,0.7995133118302578,0.8363286601841545,,,device_laptop
70.0086669921875,-79.5367431640625,41.35440566672577,1.3750184754801904,1.3320935116232624,0.8764529408991242,0.37174212388292877,0.9354036289816315,0.9427252167657235,,,device_laptop
68.85665893554688,-81.69303894042969,40.12655293536143,1.4018499813129708,1.5187203454368257,1.0258789417123775,0.49036321083049955,0.9188600197406964,1.1047215279111513,,,device_laptop
-82.12887573242188,-118.5001220703125,34.724665661976715,2.474977501622393,1.5373707399699748,0.46135202572472434,0.7580862908178448,1.9365545751481665,1.0389522850002793,,,looking_away
109.34048461914062,-158.54644775390625,34.59183118927424,0.7896283955136262,2.3498141083374895,1.3678828435429566,0.5378729460407822,0.23975193703948386,1.6240889943437251,,,looking_away
-50.756439208984375,-73.410888671875,34.66006084586032,1.1116929569361949,2.590680474175647,1.8084824236483978,0.5484704083791159,0.16967715094728122,1.945834399544422,,,looking_away
-38.089447021484375,-82.12591552734375,24.88155389967875,2.3036345888037024,2.2038625890515884,0.2946037976268822,0.2211623253350879,1.4393899940142207,1.4173068824097026,,,looking_away
-23.309417724609375,-103.47007751464844,12.695472846458483,2.4674699632482673,2.074175817297585,1.5674606085927936,1.3661104882682529,1.1397789615543386,1.0285121249763762,,,looking_away
12.55047607421875,-61.29798126220703,11.571129104038327,1.161854930988942,1.3128033460500879,0.4319081257366039,0.2911006975838166,0.7137042509243536,0.9026749288817342,,,looking_teacher
-17.09846305847168,-5.389949321746826,72.50358256230717,5.4105965632273145,5.222311812522727,0.6762589586833387,0.8069966973631328,5.169125795599314,4.98608831828466,,,neutral
1.9768218994140625,-70.31034851074219,1.610318937884071,1.607048189859151,1.612657553852556,0.10831898387029623,0.39546240747965256,0.9810174772705377,0.9320159270324105,,,looking_teacher
-8.737907409667969,-68.79304504394531,7.2387872046610235,1.4708427915137747,1.258051291854528,0.24239663789202004,0.2959950214194977,0.8456387982980552,0.6519632248602623,,,looking_teacher
40.75225830078125,-133.78848266601562,16.940838758250916,1.5846469359634114,1.6332866547087321,0.7436352169961908,0.4787505892127717,0.972345101211083,1.034485594636433,,,looking_teacher
12.430908203125,8.04058837890625,122.89568820030394,0.5828132653853364,0.6896102685410334,0.5268034576052162,0.5038183628410833,0.6520751360298965,0.650193582636446,,,writing
-7.70513916015625,3.7768402099609375,116.11277958059473,0.5816501033378167,0.7437111028097515,0.5751160455991565,0.8903883660560934,0.6241350153816198,0.5703609010196915,,,writing
-2.246826171875,-112.52427673339844,1.1439239397049759,1.419697307543237,1.6850877393348278,0.5588488578966851,1.0126154367134341,0.8747438556723383,0.9104766918541771,,,looking_teacher
-11.8536376953125,-12.221939086914062,44.12357292927399,1.2452889026459883,1.3068414861936835,0.6645292403590602,0.6730501979954957,0.8893727972333999,1.033263328672523,,,writing
8.205322265625,-20.03216552734375,22.27436553570894,0.8999262893855211,0.6362651165200497,0.805237404363827,0.7096674642413979,0.4626675286288226,0.27728588002913973,,,writing
2.02801513671875,-9.896438598632812,11.580949756245886,0.27337145209199465,0.5605906123218567,0.794360845671007,0.6182165275182423,0.0779033025215192,0.23666978003591937,,,writing
6.062713623046875,-59.14306640625,5.852929599305356,0.9282906722518176,0.9444987355137464,1.0986959515850883,0.6610487499825167,0.4661518952438446,0.5844710784876274,,,device_phone
-46.43878173828125,-148.4273681640625,17.373450179721516,2.162481344606837,1.42641157281642,0.6168209523686707,1.1405292353384358,1.46607483583998,0.6508084871685118,,,device_phone
37.652313232421875,-135.55899047851562,15.522959729259307,0.7167380764632441,1.0305953267405399,2.414764252504325,1.0073864819711666,0.8239035270465138,0.425923921816186,,,device_phone
-30.822113037109375,-43.8822021484375,35.08355445101349,0.7902787522304588,0.7957987099378647,0.3254880053635601,0.4891643018330924,0.4694326997962248,0.46961599933235837,,,device_phone
6.214385986328125,-75.3662109375,4.713738707592287,1.8664340192521822,1.660631906061582,1.348110986584491,1.3685752254152315,0.6648433721652681,0.4754399046276722,,,neutral
28.65509033203125,-29.70166015625,43.972565284312054,2.138274671399265,2.144655624621704,0.19861585054753034,0.22698906158508214,1.5622397048550574,1.5612358701324445,,,device_phone
8.342041015625,-26.37103271484375,17.553910866912712,1.3148988653452778,1.3498572283712522,0.6655210952558624,0.6190302090242011,0.8852427568909133,0.9224155146165843,,,neutral
16.176347732543945,-73.71343994140625,12.377312817117605,55.79575029949481,53.27854464802339,1.1283695151255428,2.309037815694481,41.70093636192311,39.20502521581638,,,device_phone
-0.4237060546875,-38.20751953125,0.635436963935962,18.73354357380892,18.755755831042762,0.9651073515188499,0.9591084036698442,14.659283179447442,14.683363939760696,,,neutral
-46.8653564453125,-66.725830078125,35.082558259415286,0.8665616577267619,0.9428446915084544,0.8253060768114463,0.8431377937547634,0.27324147913747177,0.3321639553951121,,,device_phone
-95.79864501953125,-95.2862548828125,45.15363944149043,2.7878055959909194,2.6397314717008427,2.333001745622381,2.6686850662894286,1.6839136346222552,1.425097724916233,,,device_laptop
-134.4774169921875,-277.82061767578125,25.829028289025693,1.6413386124455083,1.613167509200574,0.44683996417726307,1.1404457373117665,0.728710000420951,0.5836085641797768,,,device_phone
19.431320190429688,-88.67018127441406,12.360500684719524,0.8374440682867114,1.6915024232386768,1.8376619871491768,0.6594685411948668,0.2656834345614929,1.0669107230767205,,,looking_teacher
-0.290679931640625,-203.25927734375,0.08306848769980062,1.849961646589291,1.0138010761668925,0.47893747092735756,1.5340770882260943,1.168898010212749,0.057706148991052135,,,looking_teacher
11.65533447265625,-97.66282653808594,6.805644857051767,1.625695511207978,0.9684235972854036,0.4621633860746011,1.4791700155528738,0.9562226574112148,0.039697884588964207,,,looking_teacher
5.319183349609375,-229.7923583984375,1.3260178003993464,1.193188300472981,1.345689688708251,0.29461467993818435,1.0104632316464626,0.5234208113766096,0.28591673617883984,,,looking_teacher
0.539154052734375,-44.71824645996094,0.6907675578678427,1.5975931710997138,0.8344531440491995,0.8698662895988897,1.9107651877801697,0.9734759077448248,0.0183028615609689,,,looking_teacher
-56.104888916015625,-136.22421264648438,22.384652146264543,1.7643273062388334,1.7775896245064247,0.57521244758687,1.1323026988443927,1.1832245047778593,1.0594891840244922,,,reading
-29.143524169921875,-64.51583862304688,24.30997004165545,1.631640506993045,1.6908730481668508,0.3149184275555699,0.971246676260063,1.1211037895525355,1.0368436164512178,,,reading
37.231109619140625,-81.32809448242188,24.597779061484463,1.3134353455181484,1.1957958906733703,0.6807056242008562,0.5331665136151394,0.6826711539162292,0.5899836104919722,,,reading
44.281158447265625,-130.7166748046875,18.714150606009937,1.3543551421003468,1.1668673481867027,0.7731230211980519,0.7461770170433151,0.8107662768620431,0.6349044458788162,,,reading
39.574371337890625,-64.83316040039062,31.40002558211438,1.3062683247955922,1.0605231809816742,0.9352091470003577,0.836635576749315,0.5493442719685486,0.5713218562487783,,,reading
2.917449951171875,-91.32012939453125,1.8298734775189762,1.772191306101681,1.8613860455735196,0.42589240693458263,0.5074947399302324,1.0691310685619726,1.1286718495734644,,,looking_teacher
47.3135986328125,-188.63616943359375,14.080426480986379,2.1471826853860905,2.866976695537546,0.7838045310074296,1.9407967344449566,1.249930374246897,1.2756577990735658,,,looking_teacher
37.38800048828125,58.993927001953125,147.63510371390763,0.6076922052519509,0.14033516398169513,0.7480143385263681,0.7821098185983641,0.6237573344461603,0.3223460228862337,,,sleeping
8.934326171875,-115.59422302246094,4.419642757830036,1.4540669872841194,1.4611968477728043,0.6441063655619521,0.6507921728136705,0.8450997020838944,0.8299672073457689,,,looking_teacher
-33.823944091796875,27.961700439453125,129.57998212655937,0.6544010982628856,0.31359324218994983,1.5745814684961317,1.4422922749383074,0.48189537432958945,0.29767397213199986,,,sleeping
1.65338134765625,-38.032928466796875,2.489144919366306,1.149341837897054,0.6238440174350863,0.5219371509635418,1.0843024926437215,0.7696027308869011,0.21543230301664323,,,neutral
7.0189208984375,-74.67559814453125,5.369543328836007,1.5079578462976042,0.5605422316405743,0.793514141599495,1.6813924649929846,0.9543458816396864,0.042533787316732345,,,neutral
-40.91192626953125,-25.014129638671875,58.55779482073678,2.571177247034645,2.5181014443673617,2.225379124618637,2.3830635034526573,1.6814172094414872,1.5254910897083924,,,neutral
4.357421875,-83.26652526855469,2.995629213045591,1.5209195553057466,0.5783245321057913,0.754619497325192,1.7451410738147215,0.8824267156413141,0.07387112437421885,,,reading
-3.1401519775390625,-19.91192626953125,8.961866695042593,1.814287998420731,1.8919063036271817,0.3679105623433213,0.8675964690406114,1.4147785184770443,1.257034010275639,,,neutral
-59.79264831542969,-27.758758544921875,65.0968983180623,0.6701548319558814,0.5671491949120964,0.7760630821902669,0.9089137911738298,0.21156444499350116,0.24383523417526268,,,neutral
74.25802612304688,-48.32989501953125,56.9424183151721,0.5975296865925328,0.9609709840919961,2.911942534535031,2.4630595919731477,0.2396422900996455,0.5702138545830181,,,sleeping
-133.34988403320312,13.9478759765625,95.9712017850393,0.7151771647061109,0.3017093925201268,0.5035208666978926,1.0636133790441429,0.4987276410058082,0.3436962784499253,,,sleeping
48.91046142578125,-45.96836853027344,46.776113091946044,1.3538395489571577,1.237666691644473,0.8088618909476486,1.2530600160346248,0.6566677502902966,0.711672260380673,,,looking_away
52.2239990234375,-40.895355224609375,51.93636143333552,1.2080082791100624,1.1289778215950808,0.6446742543971549,1.240839958199114,0.7238818538772477,0.6966928069715689,,,looking_away
-129.84283447265625,35.1307373046875,105.13966633300684,0.46435790219525064,0.7337715387033654,2.0981542041122063,2.352834979201402,0.44533458066557347,0.5058410130918028,,,sleeping
6.161163330078125,-114.86843872070312,3.070231023831153,2.1223438481859445,1.9807488086755007,1.499439379114929,0.739512384721793,1.0383250772343204,1.1536075018289484,,,looking_teacher
-74.1397705078125,-171.0020751953125,23.439658938909787,3.014914769049771,2.966947754609802,0.5763916881485053,0.7125712729199541,2.133140066085976,2.0640948294055135,,,looking_away
-81.19461059570312,-166.57220458984375,25.986634498759138,3.2720058602653155,3.099071717180318,0.7876385597566732,0.9071913612850363,2.3508173743141616,2.1555310637816434,,,looking_away
-4.775115966796875,-91.03131103515625,3.0027108557442013,2.308182683709127,1.3898188945041692,0.6909801587781411,1.185762434212636,1.561026227675931,0.4996219543033124,,,looking_teacher
-14.468719482421875,-111.94435119628906,7.364595946895188,2.5499423159817134,2.6282466218723335,0.27567296995293383,0.45477809701951544,1.7284268655409991,1.7750148673323545,,,looking_teacher
35.17802429199219,-92.9715805053711,20.725336953199573,2.227473834875892,2.4479831970630994,0.7076683550903617,0.577833390718198,1.5144805002060875,1.5779017198203384,,,looking_away
-10.036041259765625,-308.0265197753906,1.8661342836982444,1.0257930203752315,1.0249999431811725,0.31423936635643585,0.3383658337026557,0.41352344913010375,0.4026553710837623,,,looking_teacher
-16.550262451171875,-394.881591796875,2.3999908040778357,0.8427136943324451,0.8347094998261969,0.2215445849887119,0.25902181117653594,0.181258428660858,0.16114186887659235,,,looking_teacher
-23.904205322265625,-154.05059814453125,8.820289696136454,1.6818995629168205,1.0184111721212439,0.7133754300019346,1.6991425960861144,1.019770835735466,0.14180821889492531,,,looking_teacher
-34.6571044921875,-326.9191589355469,6.051378089253476,0.9062703000101803,0.9476042307570707,0.26578798236137924,0.309062619885158,0.2874979587947616,0.31959162640299926,,,looking_teacher
-16.080963134765625,-258.4635009765625,3.56025093776206,1.5678141824354421,1.5798148574509965,0.49389520799797365,0.5832060100720774,0.9286004538743107,0.9448603873782339,,,looking_teacher
7.214080810546875,-125.60743713378906,3.287077176100965,2.625985826881092,2.676354229905923,0.7307304070159373,0.7602542398889799,1.794461026039552,1.8472636370146356,,,looking_teacher
3.286651611328125,-91.01380920410156,2.06818425303945,2.4281702290067915,2.4882553633653113,0.684759096680113,0.682532068782561,1.6869535290827926,1.7389417439637667,,,looking_teacher
6.3846435546875,-79.517822265625,4.590535683409153,2.4004561307470578,2.4951982608576695,0.7473231415782632,0.8222727888130492,1.713816499117259,1.8240695934875317,,,looking_teacher
-10.09283447265625,-118.14794921875,4.882642904563496,2.7372016425641847,2.607689572046052,0.7418279107952311,0.7084655112820135,1.888448888129759,1.7846806085702993,,,looking_teacher
11.802490234375,-127.24679565429688,5.2991979846911725,2.0863470956099044,2.061437900006893,0.28860589142558807,0.2832932050250881,1.4571843263942592,1.4340359397507825,,,looking_teacher
-67.491455078125,-33.90913391113281,63.324079526852906,5.380537740208231,4.0437515813573235,6.698822416271835,6.75526494666035,3.7353799993582086,2.495241754423305,,,talking_seatmate
-91.11865234375,-114.66038513183594,38.473566960422666,3.27924741817283,2.4552415983531732,0.4935670519810887,1.3440134472538272,2.306855671406141,1.5170991532112466,,,talking_seatmate
95.44650268554688,-117.56863403320312,39.07095282094495,2.562399490450213,1.2148842723544055,0.6468023831504196,1.9413707097850579,1.5587115561893248,0.36000477952552445,,,talking_seatmate
41.5369873046875,-44.744415283203125,42.87106651781553,3.156905484681922,3.1678678685327917,2.6723881516843027,2.1909597289232434,1.6486826424142507,1.8397585639604013,,,talking_seatmate
77.71365356445312,-117.29605102539062,33.526181165481454,1.4175928706857663,1.4318535813741895,0.16253585736310944,0.5981506977219843,0.8943205574132277,0.6376960302454477,,,talking_seatmate
-152.98037719726562,-110.59808349609375,54.13472630634122,2.184199780722202,2.1412349399496,0.9578270360543023,1.3013030652115494,1.404565048040009,1.3894767607746847,,,talking_seatmate
-108.21502685546875,-58.498382568359375,61.60543471169944,18.273740498337013,16.6022360601839,17.85529950264089,21.45371989573498,12.558338664253522,10.425245558790943,,,talking_seatmate
97.85537719726562,-76.96591186523438,51.81398678181765,4.339419362902759,4.770322044353122,5.922516683484798,5.45132934372704,2.2776322916253835,2.719709122540666,,,talking_seatmate
-128.8900146484375,-100.80364990234375,51.971374860459974,6.272637665609308,3.307879276163531,3.0515634743520796,6.398462635958945,3.890875594596701,0.9448194020241395,,,talking_seatmate
78.12239074707031,-99.24237060546875,38.2093947476114,1.4270828082751983,1.7127545987734152,1.2280259261289654,0.4824075324334159,0.7607648108705338,1.0805448070662003,,,talking_seatmate
-114.58154296875,-92.03016662597656,51.22909477448321,1.7478614815062816,1.349729368879095,0.7921942578518534,1.619469715185475,1.0971275055571958,0.6899335368519944,,,talking_seatmate
74.16683959960938,-78.76980590820312,43.27607582547093,1.3655649447942888,1.3608692030902085,0.5618499783359339,0.4677806161100907,0.9067713275863749,0.8845988426338188,,,talking_seatmate
-21.617431640625,-37.501739501953125,29.960789811924784,1.869660667148318,1.6871204197961223,0.19171175127879442,0.38049996014179965,1.213360820822427,1.0689914014419868,,,looking_away
-50.043487548828125,-97.84722900390625,27.087253311773484,1.099944576062455,1.1553519362540394,0.4656889030621534,0.7245268363395517,0.7559169652826142,0.7597780512774911,,,writing
125.96224975585938,-155.36013793945312,39.034303411252864,1.4152522863891184,1.568965846979537,0.9386929323544735,0.3436683543133714,0.9062784990704986,1.0482391536632694,,,writing
28.892791748046875,-292.6675109863281,5.63811240417908,1.086548359422584,1.0645174700297142,0.20110247881606816,0.4689692560054242,0.12471396258317308,0.019644058980742972,,,looking_away
-34.3673095703125,-211.87222290039062,9.213572864609118,1.5099776157818634,1.5738195305482723,0.11531972509163192,0.2745293638734783,1.0352142863992462,1.0770366540636847,,,looking_teacher
61.275238037109375,-19.135894775390625,72.65672425033398,0.926751353833432,1.1100094254404187,0.9673066084087122,0.4397185648069459,0.7417377478800568,0.8794659887395689,,,neutral
0.614532470703125,-21.278564453125,1.6543443724145297,1.148342961033938,1.015513975512518,0.873235113251903,0.7985993294694237,0.5888100468065328,0.5688996627787545,,,neutral
5.99871826171875,-23.511001586914062,14.313371944074133,0.7252278679597552,1.2944031963713531,1.0394379508125489,1.8414530986748598,0.18237040847506567,0.3444151806614207,,,writing
